nome,uf,ano,populacao,idh,latitude,longitude,C1,C2,C3,C4,C5,C6,C7
"Porto Velho",RO,2026,520379,,-8.76077,-63.8999,0,0.385,1459.81,0.7624,4.77,16.77,15578
"Rio Branco",AC,2026,390058,,-9.97499,-67.8243,0.1,0.3283,1436.01,0.8297,4.73,16.35,12753
"Manaus",AM,2026,2327101,,-3.11866,-60.0212,0.1,0.1545,1284.7,0.8757,4.66,20.15,22844
"Boa Vista",RR,2026,500965,,2.82384,-60.6753,0,0.2156,1399,0.7895,5.14,18.13,7773
"Belém",PA,2026,1396157,,-1.4554,-48.4898,0.1,0.189,1668.52,0.9783,5.2,14.88,29277
"Macapá",AP,2026,491987,,0.034934,-51.0694,0,0.2639,1313.17,0.8251,5,19.5,10880
"Palmas",TO,2026,333154,,-10.24,-48.3558,0,0.6176,2260.06,0.9928,5.48,5.38,21894
"São Luís",MA,2026,1090229,,-2.53874,-44.2825,0.1,0.1536,1595.48,0.8888,5.23,13.05,15743
"Teresina",PI,2026,908012,,-5.09194,-42.8034,0,0.4051,1559.89,0.9467,5.83,12.06,38239
"Fortaleza",CE,2026,2582360,,-3.71664,-38.5423,0.3,0.1284,1668.98,0.7017,5.76,13.75,33845
"Natal",RN,2026,783196,,-5.79357,-35.1986,0,0.2419,2049.37,0.7758,5.77,14.19,21649
"João Pessoa",PB,2026,906093,,-7.11509,-34.8641,0.1,0.128,1879,0.7097,5.85,12.37,10244
"Recife",PE,2026,1588983,,-8.04666,-34.8771,0,0.0892,2284.77,0.7989,6.05,15.24,14634
"Maceió",AL,2026,995134,,-9.66599,-35.735,0.1,0.188,1605.6,0.8514,5.92,14.82,19428
"Aracaju",SE,2026,623328,,-10.9091,-37.0677,0,0.2024,2087.74,0.7546,5.56,12.42,11090
"Salvador",BA,2026,2559945,,-12.9718,-38.5011,0.1,0.0666,1770.35,0.8777,5.26,16.22,17391
"Belo Horizonte",MG,2026,2415451,,-19.9102,-43.9266,0.1,0.0684,2748.85,0.9033,5.02,7.62,18005
"Vitória",ES,2026,343935,,-20.3155,-40.3128,0,0.1418,3351.64,0.8437,4.9,6.69,3785
"Rio de Janeiro",RJ,2026,6731133,,-22.9129,-43.2003,0,0.0561,2515.32,0.8806,4.71,12.3,40356
"São Paulo",SP,2026,11911337,,-23.5329,-46.6395,0.1,0.0209,2713.36,0.7894,4.53,9.28,25571
"Curitiba",PR,2026,1832183,,-25.4195,-49.2646,0.1,0.1658,3137.92,0.768,4.37,4.93,14713
"Florianópolis",SC,2026,598370,,-27.5945,-48.5477,0,0.1396,3636.13,0.7598,4.32,4.83,8201
"Porto Alegre",RS,2026,1388791,,-30.0318,-51.2065,0,0.0955,3203.31,0.822,4.56,7,13743
"Campo Grande",MS,2026,970843,,-20.4486,-54.6295,0,0.4495,2088.31,0.9866,5.22,8.28,49562
"Cuiabá",MT,2026,698917,,-15.601,-56.0974,0.1,0.7208,2428.24,0.8994,5.27,8.64,44800
"Goiânia",GO,2026,1511709,,-16.6864,-49.2643,0,0.2436,2668.8,0.8918,5.5,6.87,33464
"Brasília",DF,2026,3009996,,-15.7795,-47.9297,0.2,0.1959,2999.18,0.8267,5.54,7.85,35995
